<?xml version="1.0" encoding="UTF-8"?>
<GenRun Id="impl_1" LaunchPart="xc7a100tcsg324-1" LaunchTime="1583975656">
  <File Type="ROUTE-PWR" Name="RCAS_power_routed.rpt"/>
  <File Type="PA-TCL" Name="RCAS.tcl"/>
  <File Type="BITSTR-BMM" Name="RCAS_bd.bmm"/>
  <File Type="ROUTE-PWR-SUM" Name="RCAS_power_summary_routed.pb"/>
  <File Type="REPORTS-TCL" Name="RCAS_reports.tcl"/>
  <File Type="OPT-DCP" Name="RCAS_opt.dcp"/>
  <File Type="OPT-DRC" Name="RCAS_drc_opted.rpt"/>
  <File Type="OPT-HWDEF" Name="RCAS.hwdef"/>
  <File Type="PWROPT-DCP" Name="RCAS_pwropt.dcp"/>
  <File Type="PLACE-DCP" Name="RCAS_placed.dcp"/>
  <File Type="PLACE-IO" Name="RCAS_io_placed.rpt"/>
  <File Type="PLACE-UTIL" Name="RCAS_utilization_placed.rpt"/>
  <File Type="PLACE-UTIL-PB" Name="RCAS_utilization_placed.pb"/>
  <File Type="PLACE-CTRL" Name="RCAS_control_sets_placed.rpt"/>
  <File Type="PLACE-PRE-SIMILARITY" Name="RCAS_incremental_reuse_pre_placed.rpt"/>
  <File Type="BG-BGN" Name="RCAS.bgn"/>
  <File Type="POSTPLACE-PWROPT-DCP" Name="RCAS_postplace_pwropt.dcp"/>
  <File Type="BG-BIN" Name="RCAS.bin"/>
  <File Type="PHYSOPT-DCP" Name="RCAS_physopt.dcp"/>
  <File Type="BITSTR-MSK" Name="RCAS.msk"/>
  <File Type="ROUTE-ERROR-DCP" Name="RCAS_routed_error.dcp"/>
  <File Type="ROUTE-DCP" Name="RCAS_routed.dcp"/>
  <File Type="ROUTE-BLACKBOX-DCP" Name="RCAS_routed_bb.dcp"/>
  <File Type="ROUTE-DRC" Name="RCAS_drc_routed.rpt"/>
  <File Type="ROUTE-DRC-PB" Name="RCAS_drc_routed.pb"/>
  <File Type="ROUTE-DRC-RPX" Name="RCAS_drc_routed.rpx"/>
  <File Type="BITSTR-LTX" Name="RCAS.ltx"/>
  <File Type="ROUTE-METHODOLOGY-DRC" Name="RCAS_methodology_drc_routed.rpt"/>
  <File Type="BITSTR-MMI" Name="RCAS.mmi"/>
  <File Type="ROUTE-METHODOLOGY-DRC-RPX" Name="RCAS_methodology_drc_routed.rpx"/>
  <File Type="ROUTE-METHODOLOGY-DRC-PB" Name="RCAS_methodology_drc_routed.pb"/>
  <File Type="BITSTR-SYSDEF" Name="RCAS.sysdef"/>
  <File Type="ROUTE-PWR-RPX" Name="RCAS_power_routed.rpx"/>
  <File Type="ROUTE-STATUS" Name="RCAS_route_status.rpt"/>
  <File Type="ROUTE-STATUS-PB" Name="RCAS_route_status.pb"/>
  <File Type="ROUTE-TIMINGSUMMARY" Name="RCAS_timing_summary_routed.rpt"/>
  <File Type="ROUTE-TIMING-PB" Name="RCAS_timing_summary_routed.pb"/>
  <File Type="ROUTE-TIMING-RPX" Name="RCAS_timing_summary_routed.rpx"/>
  <File Type="ROUTE-CLK" Name="RCAS_clock_utilization_routed.rpt"/>
  <File Type="ROUTE-BUS-SKEW" Name="RCAS_bus_skew_routed.rpt"/>
  <File Type="ROUTE-BUS-SKEW-PB" Name="RCAS_bus_skew_routed.pb"/>
  <File Type="ROUTE-BUS-SKEW-RPX" Name="RCAS_bus_skew_routed.rpx"/>
  <File Type="POSTROUTE-PHYSOPT-DCP" Name="RCAS_postroute_physopt.dcp"/>
  <File Type="POSTROUTE-PHYSOPT-BLACKBOX-DCP" Name="RCAS_postroute_physopt_bb.dcp"/>
  <File Type="BG-BIT" Name="RCAS.bit"/>
  <File Type="BITSTR-RBT" Name="RCAS.rbt"/>
  <File Type="BITSTR-NKY" Name="RCAS.nky"/>
  <File Type="BG-DRC" Name="RCAS.drc"/>
  <File Type="RDI-RDI" Name="RCAS.vdi"/>
  <File Type="WBT-USG" Name="usage_statistics_webtalk.html"/>
  <FileSet Name="sources" Type="DesignSrcs" RelSrcDir="$PSRCDIR/sources_1">
    <Filter Type="Srcs"/>
    <File Path="$PPRDIR/Fulladdder.vhd">
      <FileInfo>
        <Attr Name="UsedIn" Val="synthesis"/>
        <Attr Name="UsedIn" Val="simulation"/>
      </FileInfo>
    </File>
    <File Path="$PSRCDIR/sources_1/new/RCAS.vhd">
      <FileInfo>
        <Attr Name="UsedIn" Val="synthesis"/>
        <Attr Name="UsedIn" Val="simulation"/>
      </FileInfo>
    </File>
    <File Path="$PSRCDIR/sources_1/new/RCA.vhd">
      <FileInfo>
        <Attr Name="AutoDisabled" Val="1"/>
        <Attr Name="UsedIn" Val="synthesis"/>
        <Attr Name="UsedIn" Val="simulation"/>
      </FileInfo>
    </File>
    <Config>
      <Option Name="DesignMode" Val="RTL"/>
      <Option Name="TopModule" Val="RCAS"/>
    </Config>
  </FileSet>
  <FileSet Name="constrs_in" Type="Constrs" RelSrcDir="$PSRCDIR/constrs_1">
    <Filter Type="Constrs"/>
    <File Path="$PPRDIR/Nexys4DDR_Master.XDC">
      <FileInfo>
        <Attr Name="UsedIn" Val="synthesis"/>
        <Attr Name="UsedIn" Val="implementation"/>
      </FileInfo>
    </File>
    <Config>
      <Option Name="ConstrsType" Val="XDC"/>
    </Config>
  </FileSet>
  <FileSet Name="utils" Type="Utils" RelSrcDir="$PSRCDIR/utils_1">
    <Filter Type="Utils"/>
    <Config>
      <Option Name="TopAutoSet" Val="TRUE"/>
    </Config>
  </FileSet>
  <Strategy Version="1" Minor="2">
    <StratHandle Name="Vivado Implementation Defaults" Flow="Vivado Implementation 2019"/>
    <Step Id="init_design"/>
    <Step Id="opt_design"/>
    <Step Id="power_opt_design"/>
    <Step Id="place_design"/>
    <Step Id="post_place_power_opt_design"/>
    <Step Id="phys_opt_design"/>
    <Step Id="route_design"/>
    <Step Id="post_route_phys_opt_design"/>
    <Step Id="write_bitstream"/>
    <Step Id="write_device_image"/>
  </Strategy>
</GenRun>
