<?xml version="1.0" encoding="UTF-8"?>
<GenRun Id="impl_1" LaunchPart="xc7a100tcsg324-1" LaunchTime="1586300127">
  <File Type="ROUTE-PWR" Name="SSDD_power_routed.rpt"/>
  <File Type="PA-TCL" Name="SSDD.tcl"/>
  <File Type="BITSTR-BMM" Name="SSDD_bd.bmm"/>
  <File Type="ROUTE-PWR-SUM" Name="SSDD_power_summary_routed.pb"/>
  <File Type="REPORTS-TCL" Name="SSDD_reports.tcl"/>
  <File Type="OPT-DCP" Name="SSDD_opt.dcp"/>
  <File Type="OPT-DRC" Name="SSDD_drc_opted.rpt"/>
  <File Type="OPT-HWDEF" Name="SSDD.hwdef"/>
  <File Type="PWROPT-DCP" Name="SSDD_pwropt.dcp"/>
  <File Type="PLACE-DCP" Name="SSDD_placed.dcp"/>
  <File Type="PLACE-IO" Name="SSDD_io_placed.rpt"/>
  <File Type="PLACE-UTIL" Name="SSDD_utilization_placed.rpt"/>
  <File Type="PLACE-UTIL-PB" Name="SSDD_utilization_placed.pb"/>
  <File Type="PLACE-CTRL" Name="SSDD_control_sets_placed.rpt"/>
  <File Type="PLACE-PRE-SIMILARITY" Name="SSDD_incremental_reuse_pre_placed.rpt"/>
  <File Type="POSTPLACE-PWROPT-DCP" Name="SSDD_postplace_pwropt.dcp"/>
  <File Type="BG-BIN" Name="SSDD.bin"/>
  <File Type="PHYSOPT-DCP" Name="SSDD_physopt.dcp"/>
  <File Type="BITSTR-MSK" Name="SSDD.msk"/>
  <File Type="ROUTE-ERROR-DCP" Name="SSDD_routed_error.dcp"/>
  <File Type="ROUTE-DCP" Name="SSDD_routed.dcp"/>
  <File Type="ROUTE-BLACKBOX-DCP" Name="SSDD_routed_bb.dcp"/>
  <File Type="ROUTE-DRC" Name="SSDD_drc_routed.rpt"/>
  <File Type="ROUTE-DRC-PB" Name="SSDD_drc_routed.pb"/>
  <File Type="ROUTE-DRC-RPX" Name="SSDD_drc_routed.rpx"/>
  <File Type="ROUTE-METHODOLOGY-DRC" Name="SSDD_methodology_drc_routed.rpt"/>
  <File Type="BITSTR-MMI" Name="SSDD.mmi"/>
  <File Type="ROUTE-METHODOLOGY-DRC-RPX" Name="SSDD_methodology_drc_routed.rpx"/>
  <File Type="ROUTE-METHODOLOGY-DRC-PB" Name="SSDD_methodology_drc_routed.pb"/>
  <File Type="ROUTE-PWR-RPX" Name="SSDD_power_routed.rpx"/>
  <File Type="ROUTE-STATUS" Name="SSDD_route_status.rpt"/>
  <File Type="ROUTE-STATUS-PB" Name="SSDD_route_status.pb"/>
  <File Type="ROUTE-TIMINGSUMMARY" Name="SSDD_timing_summary_routed.rpt"/>
  <File Type="ROUTE-TIMING-PB" Name="SSDD_timing_summary_routed.pb"/>
  <File Type="ROUTE-TIMING-RPX" Name="SSDD_timing_summary_routed.rpx"/>
  <File Type="ROUTE-CLK" Name="SSDD_clock_utilization_routed.rpt"/>
  <File Type="ROUTE-BUS-SKEW" Name="SSDD_bus_skew_routed.rpt"/>
  <File Type="ROUTE-BUS-SKEW-PB" Name="SSDD_bus_skew_routed.pb"/>
  <File Type="ROUTE-BUS-SKEW-RPX" Name="SSDD_bus_skew_routed.rpx"/>
  <File Type="POSTROUTE-PHYSOPT-DCP" Name="SSDD_postroute_physopt.dcp"/>
  <File Type="POSTROUTE-PHYSOPT-BLACKBOX-DCP" Name="SSDD_postroute_physopt_bb.dcp"/>
  <File Type="BG-BIT" Name="SSDD.bit"/>
  <File Type="BITSTR-RBT" Name="SSDD.rbt"/>
  <File Type="BITSTR-NKY" Name="SSDD.nky"/>
  <File Type="PDI-FILE" Name="SSDD.pdi"/>
  <File Type="RCFI_FILE" Name="SSDD.rcfi"/>
  <File Type="CFI_FILE" Name="SSDD.cfi"/>
  <File Type="RNPI_FILE" Name="SSDD.rnpi"/>
  <File Type="NPI_FILE" Name="SSDD.npi"/>
  <File Type="RBD_FILE" Name="SSDD.rbd"/>
  <File Type="BITSTR-LTX" Name="SSDD.ltx"/>
  <File Type="BITSTR-SYSDEF" Name="SSDD.sysdef"/>
  <File Type="BG-BGN" Name="SSDD.bgn"/>
  <File Type="BG-DRC" Name="SSDD.drc"/>
  <File Type="RDI-RDI" Name="SSDD.vdi"/>
  <File Type="WBT-USG" Name="usage_statistics_webtalk.html"/>
  <FileSet Name="sources" Type="DesignSrcs" RelSrcDir="$PSRCDIR/sources_1">
    <Filter Type="Srcs"/>
    <File Path="$PSRCDIR/sources_1/new/SSDD.vhd">
      <FileInfo>
        <Attr Name="UsedIn" Val="synthesis"/>
        <Attr Name="UsedIn" Val="simulation"/>
      </FileInfo>
    </File>
    <Config>
      <Option Name="DesignMode" Val="RTL"/>
      <Option Name="TopModule" Val="SSDD"/>
      <Option Name="TopAutoSet" Val="TRUE"/>
    </Config>
  </FileSet>
  <FileSet Name="constrs_in" Type="Constrs" RelSrcDir="$PSRCDIR/constrs_1">
    <Filter Type="Constrs"/>
    <File Path="$PPRDIR/Nexys4DDR_Master.XDC">
      <FileInfo>
        <Attr Name="UsedIn" Val="synthesis"/>
        <Attr Name="UsedIn" Val="implementation"/>
      </FileInfo>
    </File>
    <Config>
      <Option Name="ConstrsType" Val="XDC"/>
    </Config>
  </FileSet>
  <FileSet Name="utils" Type="Utils" RelSrcDir="$PSRCDIR/utils_1">
    <Filter Type="Utils"/>
    <Config>
      <Option Name="TopAutoSet" Val="TRUE"/>
    </Config>
  </FileSet>
  <Strategy Version="1" Minor="2">
    <StratHandle Name="Vivado Implementation Defaults" Flow="Vivado Implementation 2019"/>
    <Step Id="init_design"/>
    <Step Id="opt_design"/>
    <Step Id="power_opt_design"/>
    <Step Id="place_design"/>
    <Step Id="post_place_power_opt_design"/>
    <Step Id="phys_opt_design" EnableStepBool="1"/>
    <Step Id="route_design"/>
    <Step Id="post_route_phys_opt_design"/>
    <Step Id="write_bitstream"/>
    <Step Id="write_device_image"/>
  </Strategy>
</GenRun>
