<?xml version="1.0" encoding="UTF-8"?>
<GenRun Id="impl_1" LaunchPart="xc7a100tcsg324-1" LaunchTime="1703798202">
  <File Type="BITSTR-BMM" Name="counter_bd.bmm"/>
  <File Type="OPT-METHODOLOGY-DRC" Name="counter_methodology_drc_opted.rpt"/>
  <File Type="INIT-TIMING" Name="counter_timing_summary_init.rpt"/>
  <File Type="ROUTE-PWR" Name="counter_power_routed.rpt"/>
  <File Type="PA-TCL" Name="counter.tcl"/>
  <File Type="OPT-TIMING" Name="counter_timing_summary_opted.rpt"/>
  <File Type="OPT-DCP" Name="counter_opt.dcp"/>
  <File Type="ROUTE-PWR-SUM" Name="counter_power_summary_routed.pb"/>
  <File Type="REPORTS-TCL" Name="counter_reports.tcl"/>
  <File Type="OPT-DRC" Name="counter_drc_opted.rpt"/>
  <File Type="OPT-HWDEF" Name="counter.hwdef"/>
  <File Type="PWROPT-DCP" Name="counter_pwropt.dcp"/>
  <File Type="PWROPT-DRC" Name="counter_drc_pwropted.rpt"/>
  <File Type="PWROPT-TIMING" Name="counter_timing_summary_pwropted.rpt"/>
  <File Type="PLACE-DCP" Name="counter_placed.dcp"/>
  <File Type="PLACE-IO" Name="counter_io_placed.rpt"/>
  <File Type="PLACE-CLK" Name="counter_clock_utilization_placed.rpt"/>
  <File Type="PLACE-UTIL" Name="counter_utilization_placed.rpt"/>
  <File Type="PLACE-UTIL-PB" Name="counter_utilization_placed.pb"/>
  <File Type="PLACE-CTRL" Name="counter_control_sets_placed.rpt"/>
  <File Type="PLACE-SIMILARITY" Name="counter_incremental_reuse_placed.rpt"/>
  <File Type="PLACE-PRE-SIMILARITY" Name="counter_incremental_reuse_pre_placed.rpt"/>
  <File Type="PLACE-TIMING" Name="counter_timing_summary_placed.rpt"/>
  <File Type="POSTPLACE-PWROPT-DCP" Name="counter_postplace_pwropt.dcp"/>
  <File Type="BG-BIN" Name="counter.bin"/>
  <File Type="POSTPLACE-PWROPT-TIMING" Name="counter_timing_summary_postplace_pwropted.rpt"/>
  <File Type="PHYSOPT-DCP" Name="counter_physopt.dcp"/>
  <File Type="PHYSOPT-DRC" Name="counter_drc_physopted.rpt"/>
  <File Type="BITSTR-MSK" Name="counter.msk"/>
  <File Type="PHYSOPT-TIMING" Name="counter_timing_summary_physopted.rpt"/>
  <File Type="ROUTE-ERROR-DCP" Name="counter_routed_error.dcp"/>
  <File Type="ROUTE-DCP" Name="counter_routed.dcp"/>
  <File Type="ROUTE-BLACKBOX-DCP" Name="counter_routed_bb.dcp"/>
  <File Type="ROUTE-DRC" Name="counter_drc_routed.rpt"/>
  <File Type="ROUTE-DRC-PB" Name="counter_drc_routed.pb"/>
  <File Type="ROUTE-DRC-RPX" Name="counter_drc_routed.rpx"/>
  <File Type="BITSTR-MMI" Name="counter.mmi"/>
  <File Type="ROUTE-METHODOLOGY-DRC" Name="counter_methodology_drc_routed.rpt"/>
  <File Type="ROUTE-METHODOLOGY-DRC-RPX" Name="counter_methodology_drc_routed.rpx"/>
  <File Type="ROUTE-METHODOLOGY-DRC-PB" Name="counter_methodology_drc_routed.pb"/>
  <File Type="ROUTE-PWR-RPX" Name="counter_power_routed.rpx"/>
  <File Type="ROUTE-STATUS" Name="counter_route_status.rpt"/>
  <File Type="ROUTE-STATUS-PB" Name="counter_route_status.pb"/>
  <File Type="ROUTE-TIMINGSUMMARY" Name="counter_timing_summary_routed.rpt"/>
  <File Type="ROUTE-TIMING-PB" Name="counter_timing_summary_routed.pb"/>
  <File Type="ROUTE-TIMING-RPX" Name="counter_timing_summary_routed.rpx"/>
  <File Type="ROUTE-SIMILARITY" Name="counter_incremental_reuse_routed.rpt"/>
  <File Type="ROUTE-CLK" Name="counter_clock_utilization_routed.rpt"/>
  <File Type="ROUTE-BUS-SKEW" Name="counter_bus_skew_routed.rpt"/>
  <File Type="ROUTE-BUS-SKEW-PB" Name="counter_bus_skew_routed.pb"/>
  <File Type="ROUTE-BUS-SKEW-RPX" Name="counter_bus_skew_routed.rpx"/>
  <File Type="POSTROUTE-PHYSOPT-DCP" Name="counter_postroute_physopt.dcp"/>
  <File Type="POSTROUTE-PHYSOPT-BLACKBOX-DCP" Name="counter_postroute_physopt_bb.dcp"/>
  <File Type="POSTROUTE-PHYSOPT-TIMING" Name="counter_timing_summary_postroute_physopted.rpt"/>
  <File Type="POSTROUTE-PHYSOPT-TIMING-PB" Name="counter_timing_summary_postroute_physopted.pb"/>
  <File Type="POSTROUTE-PHYSOPT-TIMING-RPX" Name="counter_timing_summary_postroute_physopted.rpx"/>
  <File Type="POSTROUTE-PHYSOPT-BUS-SKEW" Name="counter_bus_skew_postroute_physopted.rpt"/>
  <File Type="POSTROUTE-PHYSOPT-BUS-SKEW-PB" Name="counter_bus_skew_postroute_physopted.pb"/>
  <File Type="BG-BIT" Name="counter.bit"/>
  <File Type="POSTROUTE-PHYSOPT-BUS-SKEW-RPX" Name="counter_bus_skew_postroute_physopted.rpx"/>
  <File Type="BITSTR-RBT" Name="counter.rbt"/>
  <File Type="BITSTR-NKY" Name="counter.nky"/>
  <File Type="PDI-FILE" Name="counter.pdi"/>
  <File Type="RCFI_FILE" Name="counter.rcfi"/>
  <File Type="CFI_FILE" Name="counter.cfi"/>
  <File Type="RNPI_FILE" Name="counter.rnpi"/>
  <File Type="NPI_FILE" Name="counter.npi"/>
  <File Type="RBD_FILE" Name="counter.rbd"/>
  <File Type="BITSTR-LTX" Name="debug_nets.ltx"/>
  <File Type="BITSTR-LTX" Name="counter.ltx"/>
  <File Type="BITSTR-SYSDEF" Name="counter.sysdef"/>
  <File Type="BG-BGN" Name="counter.bgn"/>
  <File Type="BG-DRC" Name="counter.drc"/>
  <File Type="RDI-RDI" Name="counter.vdi"/>
  <File Type="WBT-USG" Name="usage_statistics_webtalk.html"/>
  <FileSet Name="sources" Type="DesignSrcs" RelSrcDir="$PSRCDIR/sources_1">
    <Filter Type="Srcs"/>
    <File Path="$PSRCDIR/sources_1/new/counter.vhd">
      <FileInfo>
        <Attr Name="UsedIn" Val="synthesis"/>
        <Attr Name="UsedIn" Val="simulation"/>
      </FileInfo>
    </File>
    <Config>
      <Option Name="DesignMode" Val="RTL"/>
      <Option Name="TopModule" Val="counter"/>
      <Option Name="TopAutoSet" Val="TRUE"/>
    </Config>
  </FileSet>
  <FileSet Name="constrs_in" Type="Constrs" RelSrcDir="$PSRCDIR/constrs_1">
    <Filter Type="Constrs"/>
    <Config>
      <Option Name="ConstrsType" Val="XDC"/>
    </Config>
  </FileSet>
  <FileSet Name="utils" Type="Utils" RelSrcDir="$PSRCDIR/utils_1">
    <Filter Type="Utils"/>
    <Config>
      <Option Name="TopAutoSet" Val="TRUE"/>
    </Config>
  </FileSet>
  <Strategy Version="1" Minor="2">
    <StratHandle Name="Vivado Implementation Defaults" Flow="Vivado Implementation 2019">
      <Desc>Default settings for Implementation.</Desc>
    </StratHandle>
    <Step Id="init_design"/>
    <Step Id="opt_design"/>
    <Step Id="power_opt_design"/>
    <Step Id="place_design"/>
    <Step Id="post_place_power_opt_design"/>
    <Step Id="phys_opt_design" EnableStepBool="1"/>
    <Step Id="route_design"/>
    <Step Id="post_route_phys_opt_design"/>
    <Step Id="write_bitstream"/>
  </Strategy>
</GenRun>
