<?xml version="1.0" encoding="UTF-8"?>
<GenRun Id="impl_1" LaunchPart="xc7a100tcsg324-1" LaunchTime="1703396571">
  <File Type="BITSTR-BMM" Name="FSM_bd.bmm"/>
  <File Type="OPT-METHODOLOGY-DRC" Name="FSM_methodology_drc_opted.rpt"/>
  <File Type="INIT-TIMING" Name="FSM_timing_summary_init.rpt"/>
  <File Type="ROUTE-PWR" Name="FSM_power_routed.rpt"/>
  <File Type="PA-TCL" Name="FSM.tcl"/>
  <File Type="OPT-TIMING" Name="FSM_timing_summary_opted.rpt"/>
  <File Type="OPT-DCP" Name="FSM_opt.dcp"/>
  <File Type="ROUTE-PWR-SUM" Name="FSM_power_summary_routed.pb"/>
  <File Type="REPORTS-TCL" Name="FSM_reports.tcl"/>
  <File Type="OPT-DRC" Name="FSM_drc_opted.rpt"/>
  <File Type="OPT-HWDEF" Name="FSM.hwdef"/>
  <File Type="PWROPT-DCP" Name="FSM_pwropt.dcp"/>
  <File Type="PWROPT-DRC" Name="FSM_drc_pwropted.rpt"/>
  <File Type="PWROPT-TIMING" Name="FSM_timing_summary_pwropted.rpt"/>
  <File Type="PLACE-DCP" Name="FSM_placed.dcp"/>
  <File Type="PLACE-IO" Name="FSM_io_placed.rpt"/>
  <File Type="PLACE-CLK" Name="FSM_clock_utilization_placed.rpt"/>
  <File Type="PLACE-UTIL" Name="FSM_utilization_placed.rpt"/>
  <File Type="PLACE-UTIL-PB" Name="FSM_utilization_placed.pb"/>
  <File Type="PLACE-CTRL" Name="FSM_control_sets_placed.rpt"/>
  <File Type="PLACE-SIMILARITY" Name="FSM_incremental_reuse_placed.rpt"/>
  <File Type="PLACE-PRE-SIMILARITY" Name="FSM_incremental_reuse_pre_placed.rpt"/>
  <File Type="PLACE-TIMING" Name="FSM_timing_summary_placed.rpt"/>
  <File Type="POSTPLACE-PWROPT-DCP" Name="FSM_postplace_pwropt.dcp"/>
  <File Type="BG-BIN" Name="FSM.bin"/>
  <File Type="POSTPLACE-PWROPT-TIMING" Name="FSM_timing_summary_postplace_pwropted.rpt"/>
  <File Type="PHYSOPT-DCP" Name="FSM_physopt.dcp"/>
  <File Type="PHYSOPT-DRC" Name="FSM_drc_physopted.rpt"/>
  <File Type="BITSTR-MSK" Name="FSM.msk"/>
  <File Type="PHYSOPT-TIMING" Name="FSM_timing_summary_physopted.rpt"/>
  <File Type="ROUTE-ERROR-DCP" Name="FSM_routed_error.dcp"/>
  <File Type="ROUTE-DCP" Name="FSM_routed.dcp"/>
  <File Type="ROUTE-BLACKBOX-DCP" Name="FSM_routed_bb.dcp"/>
  <File Type="ROUTE-DRC" Name="FSM_drc_routed.rpt"/>
  <File Type="ROUTE-DRC-PB" Name="FSM_drc_routed.pb"/>
  <File Type="ROUTE-DRC-RPX" Name="FSM_drc_routed.rpx"/>
  <File Type="BITSTR-MMI" Name="FSM.mmi"/>
  <File Type="ROUTE-METHODOLOGY-DRC" Name="FSM_methodology_drc_routed.rpt"/>
  <File Type="ROUTE-METHODOLOGY-DRC-RPX" Name="FSM_methodology_drc_routed.rpx"/>
  <File Type="ROUTE-METHODOLOGY-DRC-PB" Name="FSM_methodology_drc_routed.pb"/>
  <File Type="ROUTE-PWR-RPX" Name="FSM_power_routed.rpx"/>
  <File Type="ROUTE-STATUS" Name="FSM_route_status.rpt"/>
  <File Type="ROUTE-STATUS-PB" Name="FSM_route_status.pb"/>
  <File Type="ROUTE-TIMINGSUMMARY" Name="FSM_timing_summary_routed.rpt"/>
  <File Type="ROUTE-TIMING-PB" Name="FSM_timing_summary_routed.pb"/>
  <File Type="ROUTE-TIMING-RPX" Name="FSM_timing_summary_routed.rpx"/>
  <File Type="ROUTE-SIMILARITY" Name="FSM_incremental_reuse_routed.rpt"/>
  <File Type="ROUTE-CLK" Name="FSM_clock_utilization_routed.rpt"/>
  <File Type="ROUTE-BUS-SKEW" Name="FSM_bus_skew_routed.rpt"/>
  <File Type="ROUTE-BUS-SKEW-PB" Name="FSM_bus_skew_routed.pb"/>
  <File Type="ROUTE-BUS-SKEW-RPX" Name="FSM_bus_skew_routed.rpx"/>
  <File Type="POSTROUTE-PHYSOPT-DCP" Name="FSM_postroute_physopt.dcp"/>
  <File Type="POSTROUTE-PHYSOPT-BLACKBOX-DCP" Name="FSM_postroute_physopt_bb.dcp"/>
  <File Type="POSTROUTE-PHYSOPT-TIMING" Name="FSM_timing_summary_postroute_physopted.rpt"/>
  <File Type="POSTROUTE-PHYSOPT-TIMING-PB" Name="FSM_timing_summary_postroute_physopted.pb"/>
  <File Type="POSTROUTE-PHYSOPT-TIMING-RPX" Name="FSM_timing_summary_postroute_physopted.rpx"/>
  <File Type="POSTROUTE-PHYSOPT-BUS-SKEW" Name="FSM_bus_skew_postroute_physopted.rpt"/>
  <File Type="POSTROUTE-PHYSOPT-BUS-SKEW-PB" Name="FSM_bus_skew_postroute_physopted.pb"/>
  <File Type="BG-BIT" Name="FSM.bit"/>
  <File Type="POSTROUTE-PHYSOPT-BUS-SKEW-RPX" Name="FSM_bus_skew_postroute_physopted.rpx"/>
  <File Type="BITSTR-RBT" Name="FSM.rbt"/>
  <File Type="BITSTR-NKY" Name="FSM.nky"/>
  <File Type="PDI-FILE" Name="FSM.pdi"/>
  <File Type="RCFI_FILE" Name="FSM.rcfi"/>
  <File Type="CFI_FILE" Name="FSM.cfi"/>
  <File Type="RNPI_FILE" Name="FSM.rnpi"/>
  <File Type="NPI_FILE" Name="FSM.npi"/>
  <File Type="RBD_FILE" Name="FSM.rbd"/>
  <File Type="BITSTR-LTX" Name="debug_nets.ltx"/>
  <File Type="BITSTR-LTX" Name="FSM.ltx"/>
  <File Type="BITSTR-SYSDEF" Name="FSM.sysdef"/>
  <File Type="BG-BGN" Name="FSM.bgn"/>
  <File Type="BG-DRC" Name="FSM.drc"/>
  <File Type="RDI-RDI" Name="FSM.vdi"/>
  <File Type="WBT-USG" Name="usage_statistics_webtalk.html"/>
  <FileSet Name="sources" Type="DesignSrcs" RelSrcDir="$PSRCDIR/sources_1">
    <Filter Type="Srcs"/>
    <File Path="$PSRCDIR/sources_1/new/FSM.vhd">
      <FileInfo>
        <Attr Name="UsedIn" Val="synthesis"/>
        <Attr Name="UsedIn" Val="simulation"/>
      </FileInfo>
    </File>
    <Config>
      <Option Name="DesignMode" Val="RTL"/>
      <Option Name="TopModule" Val="FSM"/>
      <Option Name="TopAutoSet" Val="TRUE"/>
    </Config>
  </FileSet>
  <FileSet Name="constrs_in" Type="Constrs" RelSrcDir="$PSRCDIR/constrs_1">
    <Filter Type="Constrs"/>
    <Config>
      <Option Name="ConstrsType" Val="XDC"/>
    </Config>
  </FileSet>
  <FileSet Name="utils" Type="Utils" RelSrcDir="$PSRCDIR/utils_1">
    <Filter Type="Utils"/>
    <Config>
      <Option Name="TopAutoSet" Val="TRUE"/>
    </Config>
  </FileSet>
  <Strategy Version="1" Minor="2">
    <StratHandle Name="Vivado Implementation Defaults" Flow="Vivado Implementation 2019">
      <Desc>Default settings for Implementation.</Desc>
    </StratHandle>
    <Step Id="init_design"/>
    <Step Id="opt_design"/>
    <Step Id="power_opt_design"/>
    <Step Id="place_design"/>
    <Step Id="post_place_power_opt_design"/>
    <Step Id="phys_opt_design" EnableStepBool="1"/>
    <Step Id="route_design"/>
    <Step Id="post_route_phys_opt_design"/>
    <Step Id="write_bitstream"/>
  </Strategy>
</GenRun>
