<?xml version="1.0" encoding="UTF-8"?>
<GenRun Id="impl_1" LaunchPart="xc7a100tcsg324-1" LaunchTime="1582163020">
  <File Type="BITSTR-BMM" Name="Delay_Propogation_bd.bmm"/>
  <File Type="ROUTE-PWR" Name="Delay_Propogation_power_routed.rpt"/>
  <File Type="PA-TCL" Name="Delay_Propogation.tcl"/>
  <File Type="OPT-DCP" Name="Delay_Propogation_opt.dcp"/>
  <File Type="ROUTE-PWR-SUM" Name="Delay_Propogation_power_summary_routed.pb"/>
  <File Type="REPORTS-TCL" Name="Delay_Propogation_reports.tcl"/>
  <File Type="OPT-DRC" Name="Delay_Propogation_drc_opted.rpt"/>
  <File Type="OPT-HWDEF" Name="Delay_Propogation.hwdef"/>
  <File Type="PWROPT-DCP" Name="Delay_Propogation_pwropt.dcp"/>
  <File Type="PLACE-DCP" Name="Delay_Propogation_placed.dcp"/>
  <File Type="PLACE-IO" Name="Delay_Propogation_io_placed.rpt"/>
  <File Type="PLACE-UTIL" Name="Delay_Propogation_utilization_placed.rpt"/>
  <File Type="PLACE-UTIL-PB" Name="Delay_Propogation_utilization_placed.pb"/>
  <File Type="PLACE-CTRL" Name="Delay_Propogation_control_sets_placed.rpt"/>
  <File Type="PLACE-PRE-SIMILARITY" Name="Delay_Propogation_incremental_reuse_pre_placed.rpt"/>
  <File Type="BG-BGN" Name="Delay_Propogation.bgn"/>
  <File Type="POSTPLACE-PWROPT-DCP" Name="Delay_Propogation_postplace_pwropt.dcp"/>
  <File Type="BG-BIN" Name="Delay_Propogation.bin"/>
  <File Type="PHYSOPT-DCP" Name="Delay_Propogation_physopt.dcp"/>
  <File Type="BITSTR-MSK" Name="Delay_Propogation.msk"/>
  <File Type="ROUTE-ERROR-DCP" Name="Delay_Propogation_routed_error.dcp"/>
  <File Type="ROUTE-DCP" Name="Delay_Propogation_routed.dcp"/>
  <File Type="ROUTE-BLACKBOX-DCP" Name="Delay_Propogation_routed_bb.dcp"/>
  <File Type="ROUTE-DRC" Name="Delay_Propogation_drc_routed.rpt"/>
  <File Type="ROUTE-DRC-PB" Name="Delay_Propogation_drc_routed.pb"/>
  <File Type="BITSTR-LTX" Name="Delay_Propogation.ltx"/>
  <File Type="ROUTE-DRC-RPX" Name="Delay_Propogation_drc_routed.rpx"/>
  <File Type="BITSTR-MMI" Name="Delay_Propogation.mmi"/>
  <File Type="ROUTE-METHODOLOGY-DRC" Name="Delay_Propogation_methodology_drc_routed.rpt"/>
  <File Type="ROUTE-METHODOLOGY-DRC-RPX" Name="Delay_Propogation_methodology_drc_routed.rpx"/>
  <File Type="BITSTR-SYSDEF" Name="Delay_Propogation.sysdef"/>
  <File Type="ROUTE-METHODOLOGY-DRC-PB" Name="Delay_Propogation_methodology_drc_routed.pb"/>
  <File Type="ROUTE-PWR-RPX" Name="Delay_Propogation_power_routed.rpx"/>
  <File Type="ROUTE-STATUS" Name="Delay_Propogation_route_status.rpt"/>
  <File Type="ROUTE-STATUS-PB" Name="Delay_Propogation_route_status.pb"/>
  <File Type="ROUTE-TIMINGSUMMARY" Name="Delay_Propogation_timing_summary_routed.rpt"/>
  <File Type="ROUTE-TIMING-PB" Name="Delay_Propogation_timing_summary_routed.pb"/>
  <File Type="ROUTE-TIMING-RPX" Name="Delay_Propogation_timing_summary_routed.rpx"/>
  <File Type="RDI-RDI" Name="Delay_Propogation.vdi"/>
  <File Type="ROUTE-CLK" Name="Delay_Propogation_clock_utilization_routed.rpt"/>
  <File Type="ROUTE-BUS-SKEW" Name="Delay_Propogation_bus_skew_routed.rpt"/>
  <File Type="ROUTE-BUS-SKEW-PB" Name="Delay_Propogation_bus_skew_routed.pb"/>
  <File Type="ROUTE-BUS-SKEW-RPX" Name="Delay_Propogation_bus_skew_routed.rpx"/>
  <File Type="POSTROUTE-PHYSOPT-DCP" Name="Delay_Propogation_postroute_physopt.dcp"/>
  <File Type="POSTROUTE-PHYSOPT-BLACKBOX-DCP" Name="Delay_Propogation_postroute_physopt_bb.dcp"/>
  <File Type="BG-BIT" Name="Delay_Propogation.bit"/>
  <File Type="BITSTR-RBT" Name="Delay_Propogation.rbt"/>
  <File Type="BITSTR-NKY" Name="Delay_Propogation.nky"/>
  <File Type="BG-DRC" Name="Delay_Propogation.drc"/>
  <File Type="WBT-USG" Name="usage_statistics_webtalk.html"/>
  <FileSet Name="sources" Type="DesignSrcs" RelSrcDir="$PSRCDIR/sources_1">
    <Filter Type="Srcs"/>
    <File Path="$PSRCDIR/sources_1/new/Delay_Propogation.vhd">
      <FileInfo>
        <Attr Name="UsedIn" Val="synthesis"/>
        <Attr Name="UsedIn" Val="simulation"/>
      </FileInfo>
    </File>
    <Config>
      <Option Name="DesignMode" Val="RTL"/>
      <Option Name="TopModule" Val="Delay_Propogation"/>
      <Option Name="TopAutoSet" Val="TRUE"/>
    </Config>
  </FileSet>
  <FileSet Name="constrs_in" Type="Constrs" RelSrcDir="$PSRCDIR/constrs_1">
    <Filter Type="Constrs"/>
    <Config>
      <Option Name="ConstrsType" Val="XDC"/>
    </Config>
  </FileSet>
  <FileSet Name="utils" Type="Utils" RelSrcDir="$PSRCDIR/utils_1">
    <Filter Type="Utils"/>
    <Config>
      <Option Name="TopAutoSet" Val="TRUE"/>
    </Config>
  </FileSet>
  <Strategy Version="1" Minor="2">
    <StratHandle Name="Vivado Implementation Defaults" Flow="Vivado Implementation 2019"/>
    <Step Id="init_design"/>
    <Step Id="opt_design"/>
    <Step Id="power_opt_design"/>
    <Step Id="place_design"/>
    <Step Id="post_place_power_opt_design"/>
    <Step Id="phys_opt_design"/>
    <Step Id="route_design"/>
    <Step Id="post_route_phys_opt_design"/>
    <Step Id="write_bitstream"/>
    <Step Id="write_device_image"/>
  </Strategy>
</GenRun>
