<?xml version="1.0" encoding="UTF-8"?>
<GenRun Id="impl_1" LaunchPart="xc7a100tcsg324-1" LaunchTime="1581560464">
  <File Type="BITSTR-BMM" Name="Battleship_bd.bmm"/>
  <File Type="OPT-METHODOLOGY-DRC" Name="Battleship_methodology_drc_opted.rpt"/>
  <File Type="INIT-TIMING" Name="Battleship_timing_summary_init.rpt"/>
  <File Type="ROUTE-PWR" Name="Battleship_power_routed.rpt"/>
  <File Type="PA-TCL" Name="Battleship.tcl"/>
  <File Type="OPT-TIMING" Name="Battleship_timing_summary_opted.rpt"/>
  <File Type="OPT-DCP" Name="Battleship_opt.dcp"/>
  <File Type="ROUTE-PWR-SUM" Name="Battleship_power_summary_routed.pb"/>
  <File Type="REPORTS-TCL" Name="Battleship_reports.tcl"/>
  <File Type="OPT-DRC" Name="Battleship_drc_opted.rpt"/>
  <File Type="OPT-HWDEF" Name="Battleship.hwdef"/>
  <File Type="PWROPT-DCP" Name="Battleship_pwropt.dcp"/>
  <File Type="PWROPT-DRC" Name="Battleship_drc_pwropted.rpt"/>
  <File Type="PWROPT-TIMING" Name="Battleship_timing_summary_pwropted.rpt"/>
  <File Type="PLACE-DCP" Name="Battleship_placed.dcp"/>
  <File Type="PLACE-IO" Name="Battleship_io_placed.rpt"/>
  <File Type="PLACE-CLK" Name="Battleship_clock_utilization_placed.rpt"/>
  <File Type="PLACE-UTIL" Name="Battleship_utilization_placed.rpt"/>
  <File Type="PLACE-UTIL-PB" Name="Battleship_utilization_placed.pb"/>
  <File Type="PLACE-CTRL" Name="Battleship_control_sets_placed.rpt"/>
  <File Type="PLACE-SIMILARITY" Name="Battleship_incremental_reuse_placed.rpt"/>
  <File Type="PLACE-PRE-SIMILARITY" Name="Battleship_incremental_reuse_pre_placed.rpt"/>
  <File Type="BG-BGN" Name="Battleship.bgn"/>
  <File Type="PLACE-TIMING" Name="Battleship_timing_summary_placed.rpt"/>
  <File Type="POSTPLACE-PWROPT-DCP" Name="Battleship_postplace_pwropt.dcp"/>
  <File Type="BG-BIN" Name="Battleship.bin"/>
  <File Type="POSTPLACE-PWROPT-TIMING" Name="Battleship_timing_summary_postplace_pwropted.rpt"/>
  <File Type="PHYSOPT-DCP" Name="Battleship_physopt.dcp"/>
  <File Type="PHYSOPT-DRC" Name="Battleship_drc_physopted.rpt"/>
  <File Type="BITSTR-MSK" Name="Battleship.msk"/>
  <File Type="PHYSOPT-TIMING" Name="Battleship_timing_summary_physopted.rpt"/>
  <File Type="ROUTE-ERROR-DCP" Name="Battleship_routed_error.dcp"/>
  <File Type="ROUTE-DCP" Name="Battleship_routed.dcp"/>
  <File Type="ROUTE-BLACKBOX-DCP" Name="Battleship_routed_bb.dcp"/>
  <File Type="ROUTE-DRC" Name="Battleship_drc_routed.rpt"/>
  <File Type="ROUTE-DRC-PB" Name="Battleship_drc_routed.pb"/>
  <File Type="BITSTR-LTX" Name="debug_nets.ltx"/>
  <File Type="BITSTR-LTX" Name="Battleship.ltx"/>
  <File Type="ROUTE-DRC-RPX" Name="Battleship_drc_routed.rpx"/>
  <File Type="BITSTR-MMI" Name="Battleship.mmi"/>
  <File Type="ROUTE-METHODOLOGY-DRC" Name="Battleship_methodology_drc_routed.rpt"/>
  <File Type="ROUTE-METHODOLOGY-DRC-RPX" Name="Battleship_methodology_drc_routed.rpx"/>
  <File Type="BITSTR-SYSDEF" Name="Battleship.sysdef"/>
  <File Type="ROUTE-METHODOLOGY-DRC-PB" Name="Battleship_methodology_drc_routed.pb"/>
  <File Type="ROUTE-PWR-RPX" Name="Battleship_power_routed.rpx"/>
  <File Type="ROUTE-STATUS" Name="Battleship_route_status.rpt"/>
  <File Type="ROUTE-STATUS-PB" Name="Battleship_route_status.pb"/>
  <File Type="ROUTE-TIMINGSUMMARY" Name="Battleship_timing_summary_routed.rpt"/>
  <File Type="ROUTE-TIMING-PB" Name="Battleship_timing_summary_routed.pb"/>
  <File Type="ROUTE-TIMING-RPX" Name="Battleship_timing_summary_routed.rpx"/>
  <File Type="ROUTE-SIMILARITY" Name="Battleship_incremental_reuse_routed.rpt"/>
  <File Type="ROUTE-CLK" Name="Battleship_clock_utilization_routed.rpt"/>
  <File Type="ROUTE-BUS-SKEW" Name="Battleship_bus_skew_routed.rpt"/>
  <File Type="ROUTE-BUS-SKEW-PB" Name="Battleship_bus_skew_routed.pb"/>
  <File Type="ROUTE-BUS-SKEW-RPX" Name="Battleship_bus_skew_routed.rpx"/>
  <File Type="POSTROUTE-PHYSOPT-DCP" Name="Battleship_postroute_physopt.dcp"/>
  <File Type="POSTROUTE-PHYSOPT-BLACKBOX-DCP" Name="Battleship_postroute_physopt_bb.dcp"/>
  <File Type="POSTROUTE-PHYSOPT-TIMING" Name="Battleship_timing_summary_postroute_physopted.rpt"/>
  <File Type="POSTROUTE-PHYSOPT-TIMING-PB" Name="Battleship_timing_summary_postroute_physopted.pb"/>
  <File Type="POSTROUTE-PHYSOPT-TIMING-RPX" Name="Battleship_timing_summary_postroute_physopted.rpx"/>
  <File Type="POSTROUTE-PHYSOPT-BUS-SKEW" Name="Battleship_bus_skew_postroute_physopted.rpt"/>
  <File Type="POSTROUTE-PHYSOPT-BUS-SKEW-PB" Name="Battleship_bus_skew_postroute_physopted.pb"/>
  <File Type="BG-BIT" Name="Battleship.bit"/>
  <File Type="POSTROUTE-PHYSOPT-BUS-SKEW-RPX" Name="Battleship_bus_skew_postroute_physopted.rpx"/>
  <File Type="BITSTR-RBT" Name="Battleship.rbt"/>
  <File Type="BITSTR-NKY" Name="Battleship.nky"/>
  <File Type="BG-DRC" Name="Battleship.drc"/>
  <File Type="RDI-RDI" Name="Battleship.vdi"/>
  <File Type="WBT-USG" Name="usage_statistics_webtalk.html"/>
  <FileSet Name="sources" Type="DesignSrcs" RelSrcDir="$PSRCDIR/sources_1">
    <Filter Type="Srcs"/>
    <File Path="$PSRCDIR/sources_1/new/Battleship.vhd">
      <FileInfo>
        <Attr Name="UsedIn" Val="synthesis"/>
        <Attr Name="UsedIn" Val="simulation"/>
      </FileInfo>
    </File>
    <Config>
      <Option Name="DesignMode" Val="RTL"/>
      <Option Name="TopModule" Val="Battleship"/>
      <Option Name="TopAutoSet" Val="TRUE"/>
    </Config>
  </FileSet>
  <FileSet Name="constrs_in" Type="Constrs" RelSrcDir="$PSRCDIR/constrs_1">
    <Filter Type="Constrs"/>
    <File Path="$PSRCDIR/constrs_1/new/Battleship.xdc">
      <FileInfo>
        <Attr Name="UsedIn" Val="synthesis"/>
        <Attr Name="UsedIn" Val="implementation"/>
      </FileInfo>
    </File>
    <File Path="$PPRDIR/../Nexys4DDR_Master.XDC">
      <FileInfo>
        <Attr Name="UsedIn" Val="synthesis"/>
        <Attr Name="UsedIn" Val="implementation"/>
      </FileInfo>
    </File>
    <Config>
      <Option Name="ConstrsType" Val="XDC"/>
    </Config>
  </FileSet>
  <FileSet Name="utils" Type="Utils" RelSrcDir="$PSRCDIR/utils_1">
    <Filter Type="Utils"/>
    <Config>
      <Option Name="TopAutoSet" Val="TRUE"/>
    </Config>
  </FileSet>
  <Strategy Version="1" Minor="2">
    <StratHandle Name="Vivado Implementation Defaults" Flow="Vivado Implementation 2019"/>
    <Step Id="init_design"/>
    <Step Id="opt_design"/>
    <Step Id="power_opt_design"/>
    <Step Id="place_design"/>
    <Step Id="post_place_power_opt_design"/>
    <Step Id="phys_opt_design"/>
    <Step Id="route_design"/>
    <Step Id="post_route_phys_opt_design"/>
    <Step Id="write_bitstream"/>
  </Strategy>
</GenRun>
