<?xml version="1.0" encoding="UTF-8"?>
<GenRun Id="impl_1" LaunchPart="xc7a100tcsg324-1" LaunchTime="1580951841">
  <File Type="ROUTE-PWR" Name="Fulladder_power_routed.rpt"/>
  <File Type="PA-TCL" Name="Fulladder.tcl"/>
  <File Type="BITSTR-BMM" Name="Fulladder_bd.bmm"/>
  <File Type="ROUTE-PWR-SUM" Name="Fulladder_power_summary_routed.pb"/>
  <File Type="REPORTS-TCL" Name="Fulladder_reports.tcl"/>
  <File Type="OPT-DCP" Name="Fulladder_opt.dcp"/>
  <File Type="OPT-DRC" Name="Fulladder_drc_opted.rpt"/>
  <File Type="OPT-HWDEF" Name="Fulladder.hwdef"/>
  <File Type="PWROPT-DCP" Name="Fulladder_pwropt.dcp"/>
  <File Type="PLACE-DCP" Name="Fulladder_placed.dcp"/>
  <File Type="PLACE-IO" Name="Fulladder_io_placed.rpt"/>
  <File Type="PLACE-UTIL" Name="Fulladder_utilization_placed.rpt"/>
  <File Type="PLACE-UTIL-PB" Name="Fulladder_utilization_placed.pb"/>
  <File Type="PLACE-CTRL" Name="Fulladder_control_sets_placed.rpt"/>
  <File Type="PLACE-PRE-SIMILARITY" Name="Fulladder_incremental_reuse_pre_placed.rpt"/>
  <File Type="BG-BGN" Name="Fulladder.bgn"/>
  <File Type="POSTPLACE-PWROPT-DCP" Name="Fulladder_postplace_pwropt.dcp"/>
  <File Type="BG-BIN" Name="Fulladder.bin"/>
  <File Type="PHYSOPT-DCP" Name="Fulladder_physopt.dcp"/>
  <File Type="BITSTR-MSK" Name="Fulladder.msk"/>
  <File Type="ROUTE-ERROR-DCP" Name="Fulladder_routed_error.dcp"/>
  <File Type="ROUTE-DCP" Name="Fulladder_routed.dcp"/>
  <File Type="ROUTE-BLACKBOX-DCP" Name="Fulladder_routed_bb.dcp"/>
  <File Type="ROUTE-DRC" Name="Fulladder_drc_routed.rpt"/>
  <File Type="ROUTE-DRC-PB" Name="Fulladder_drc_routed.pb"/>
  <File Type="ROUTE-DRC-RPX" Name="Fulladder_drc_routed.rpx"/>
  <File Type="BITSTR-LTX" Name="Fulladder.ltx"/>
  <File Type="ROUTE-METHODOLOGY-DRC" Name="Fulladder_methodology_drc_routed.rpt"/>
  <File Type="BITSTR-MMI" Name="Fulladder.mmi"/>
  <File Type="ROUTE-METHODOLOGY-DRC-RPX" Name="Fulladder_methodology_drc_routed.rpx"/>
  <File Type="ROUTE-METHODOLOGY-DRC-PB" Name="Fulladder_methodology_drc_routed.pb"/>
  <File Type="BITSTR-SYSDEF" Name="Fulladder.sysdef"/>
  <File Type="ROUTE-PWR-RPX" Name="Fulladder_power_routed.rpx"/>
  <File Type="ROUTE-STATUS" Name="Fulladder_route_status.rpt"/>
  <File Type="ROUTE-STATUS-PB" Name="Fulladder_route_status.pb"/>
  <File Type="ROUTE-TIMINGSUMMARY" Name="Fulladder_timing_summary_routed.rpt"/>
  <File Type="ROUTE-TIMING-PB" Name="Fulladder_timing_summary_routed.pb"/>
  <File Type="ROUTE-TIMING-RPX" Name="Fulladder_timing_summary_routed.rpx"/>
  <File Type="ROUTE-CLK" Name="Fulladder_clock_utilization_routed.rpt"/>
  <File Type="ROUTE-BUS-SKEW" Name="Fulladder_bus_skew_routed.rpt"/>
  <File Type="ROUTE-BUS-SKEW-PB" Name="Fulladder_bus_skew_routed.pb"/>
  <File Type="ROUTE-BUS-SKEW-RPX" Name="Fulladder_bus_skew_routed.rpx"/>
  <File Type="POSTROUTE-PHYSOPT-DCP" Name="Fulladder_postroute_physopt.dcp"/>
  <File Type="POSTROUTE-PHYSOPT-BLACKBOX-DCP" Name="Fulladder_postroute_physopt_bb.dcp"/>
  <File Type="BG-BIT" Name="Fulladder.bit"/>
  <File Type="BITSTR-RBT" Name="Fulladder.rbt"/>
  <File Type="BITSTR-NKY" Name="Fulladder.nky"/>
  <File Type="BG-DRC" Name="Fulladder.drc"/>
  <File Type="RDI-RDI" Name="Fulladder.vdi"/>
  <File Type="WBT-USG" Name="usage_statistics_webtalk.html"/>
  <FileSet Name="sources" Type="DesignSrcs" RelSrcDir="$PSRCDIR/sources_1">
    <Filter Type="Srcs"/>
    <File Path="$PSRCDIR/sources_1/new/Fulladder.vhd">
      <FileInfo>
        <Attr Name="UsedIn" Val="synthesis"/>
        <Attr Name="UsedIn" Val="simulation"/>
      </FileInfo>
    </File>
    <Config>
      <Option Name="DesignMode" Val="RTL"/>
      <Option Name="TopModule" Val="Fulladder"/>
      <Option Name="TopAutoSet" Val="TRUE"/>
    </Config>
  </FileSet>
  <FileSet Name="constrs_in" Type="Constrs" RelSrcDir="$PSRCDIR/constrs_1">
    <Filter Type="Constrs"/>
    <File Path="$PPRDIR/../Nexys4DDR_Master.XDC">
      <FileInfo>
        <Attr Name="UsedIn" Val="synthesis"/>
        <Attr Name="UsedIn" Val="implementation"/>
      </FileInfo>
    </File>
    <Config>
      <Option Name="ConstrsType" Val="XDC"/>
    </Config>
  </FileSet>
  <FileSet Name="utils" Type="Utils" RelSrcDir="$PSRCDIR/utils_1">
    <Filter Type="Utils"/>
    <Config>
      <Option Name="TopAutoSet" Val="TRUE"/>
    </Config>
  </FileSet>
  <Strategy Version="1" Minor="2">
    <StratHandle Name="Vivado Implementation Defaults" Flow="Vivado Implementation 2019"/>
    <Step Id="init_design"/>
    <Step Id="opt_design"/>
    <Step Id="power_opt_design"/>
    <Step Id="place_design"/>
    <Step Id="post_place_power_opt_design"/>
    <Step Id="phys_opt_design"/>
    <Step Id="route_design"/>
    <Step Id="post_route_phys_opt_design"/>
    <Step Id="write_bitstream"/>
    <Step Id="write_device_image"/>
  </Strategy>
</GenRun>
