<?xml version="1.0" encoding="UTF-8"?>
<GenRun Id="impl_1" LaunchPart="xc7a100tcsg324-1" LaunchTime="1588198259">
  <File Type="BITSTR-BMM" Name="ABP_bd.bmm"/>
  <File Type="OPT-METHODOLOGY-DRC" Name="ABP_methodology_drc_opted.rpt"/>
  <File Type="INIT-TIMING" Name="ABP_timing_summary_init.rpt"/>
  <File Type="ROUTE-PWR" Name="ABP_power_routed.rpt"/>
  <File Type="PA-TCL" Name="ABP.tcl"/>
  <File Type="OPT-TIMING" Name="ABP_timing_summary_opted.rpt"/>
  <File Type="OPT-DCP" Name="ABP_opt.dcp"/>
  <File Type="ROUTE-PWR-SUM" Name="ABP_power_summary_routed.pb"/>
  <File Type="REPORTS-TCL" Name="ABP_reports.tcl"/>
  <File Type="OPT-DRC" Name="ABP_drc_opted.rpt"/>
  <File Type="OPT-HWDEF" Name="ABP.hwdef"/>
  <File Type="PWROPT-DCP" Name="ABP_pwropt.dcp"/>
  <File Type="PWROPT-DRC" Name="ABP_drc_pwropted.rpt"/>
  <File Type="PWROPT-TIMING" Name="ABP_timing_summary_pwropted.rpt"/>
  <File Type="PLACE-DCP" Name="ABP_placed.dcp"/>
  <File Type="PLACE-IO" Name="ABP_io_placed.rpt"/>
  <File Type="PLACE-CLK" Name="ABP_clock_utilization_placed.rpt"/>
  <File Type="PLACE-UTIL" Name="ABP_utilization_placed.rpt"/>
  <File Type="PLACE-UTIL-PB" Name="ABP_utilization_placed.pb"/>
  <File Type="PLACE-CTRL" Name="ABP_control_sets_placed.rpt"/>
  <File Type="PLACE-SIMILARITY" Name="ABP_incremental_reuse_placed.rpt"/>
  <File Type="PLACE-PRE-SIMILARITY" Name="ABP_incremental_reuse_pre_placed.rpt"/>
  <File Type="PLACE-TIMING" Name="ABP_timing_summary_placed.rpt"/>
  <File Type="POSTPLACE-PWROPT-DCP" Name="ABP_postplace_pwropt.dcp"/>
  <File Type="BG-BIN" Name="ABP.bin"/>
  <File Type="POSTPLACE-PWROPT-TIMING" Name="ABP_timing_summary_postplace_pwropted.rpt"/>
  <File Type="PHYSOPT-DCP" Name="ABP_physopt.dcp"/>
  <File Type="PHYSOPT-DRC" Name="ABP_drc_physopted.rpt"/>
  <File Type="BITSTR-MSK" Name="ABP.msk"/>
  <File Type="PHYSOPT-TIMING" Name="ABP_timing_summary_physopted.rpt"/>
  <File Type="ROUTE-ERROR-DCP" Name="ABP_routed_error.dcp"/>
  <File Type="ROUTE-DCP" Name="ABP_routed.dcp"/>
  <File Type="ROUTE-BLACKBOX-DCP" Name="ABP_routed_bb.dcp"/>
  <File Type="ROUTE-DRC" Name="ABP_drc_routed.rpt"/>
  <File Type="ROUTE-DRC-PB" Name="ABP_drc_routed.pb"/>
  <File Type="ROUTE-DRC-RPX" Name="ABP_drc_routed.rpx"/>
  <File Type="BITSTR-MMI" Name="ABP.mmi"/>
  <File Type="ROUTE-METHODOLOGY-DRC" Name="ABP_methodology_drc_routed.rpt"/>
  <File Type="ROUTE-METHODOLOGY-DRC-RPX" Name="ABP_methodology_drc_routed.rpx"/>
  <File Type="ROUTE-METHODOLOGY-DRC-PB" Name="ABP_methodology_drc_routed.pb"/>
  <File Type="ROUTE-PWR-RPX" Name="ABP_power_routed.rpx"/>
  <File Type="ROUTE-STATUS" Name="ABP_route_status.rpt"/>
  <File Type="ROUTE-STATUS-PB" Name="ABP_route_status.pb"/>
  <File Type="ROUTE-TIMINGSUMMARY" Name="ABP_timing_summary_routed.rpt"/>
  <File Type="ROUTE-TIMING-PB" Name="ABP_timing_summary_routed.pb"/>
  <File Type="ROUTE-TIMING-RPX" Name="ABP_timing_summary_routed.rpx"/>
  <File Type="ROUTE-SIMILARITY" Name="ABP_incremental_reuse_routed.rpt"/>
  <File Type="ROUTE-CLK" Name="ABP_clock_utilization_routed.rpt"/>
  <File Type="ROUTE-BUS-SKEW" Name="ABP_bus_skew_routed.rpt"/>
  <File Type="ROUTE-BUS-SKEW-PB" Name="ABP_bus_skew_routed.pb"/>
  <File Type="ROUTE-BUS-SKEW-RPX" Name="ABP_bus_skew_routed.rpx"/>
  <File Type="POSTROUTE-PHYSOPT-DCP" Name="ABP_postroute_physopt.dcp"/>
  <File Type="POSTROUTE-PHYSOPT-BLACKBOX-DCP" Name="ABP_postroute_physopt_bb.dcp"/>
  <File Type="POSTROUTE-PHYSOPT-TIMING" Name="ABP_timing_summary_postroute_physopted.rpt"/>
  <File Type="POSTROUTE-PHYSOPT-TIMING-PB" Name="ABP_timing_summary_postroute_physopted.pb"/>
  <File Type="POSTROUTE-PHYSOPT-TIMING-RPX" Name="ABP_timing_summary_postroute_physopted.rpx"/>
  <File Type="POSTROUTE-PHYSOPT-BUS-SKEW" Name="ABP_bus_skew_postroute_physopted.rpt"/>
  <File Type="POSTROUTE-PHYSOPT-BUS-SKEW-PB" Name="ABP_bus_skew_postroute_physopted.pb"/>
  <File Type="BG-BIT" Name="ABP.bit"/>
  <File Type="POSTROUTE-PHYSOPT-BUS-SKEW-RPX" Name="ABP_bus_skew_postroute_physopted.rpx"/>
  <File Type="BITSTR-RBT" Name="ABP.rbt"/>
  <File Type="BITSTR-NKY" Name="ABP.nky"/>
  <File Type="PDI-FILE" Name="ABP.pdi"/>
  <File Type="RCFI_FILE" Name="ABP.rcfi"/>
  <File Type="CFI_FILE" Name="ABP.cfi"/>
  <File Type="RNPI_FILE" Name="ABP.rnpi"/>
  <File Type="NPI_FILE" Name="ABP.npi"/>
  <File Type="RBD_FILE" Name="ABP.rbd"/>
  <File Type="BITSTR-LTX" Name="debug_nets.ltx"/>
  <File Type="BITSTR-LTX" Name="ABP.ltx"/>
  <File Type="BITSTR-SYSDEF" Name="ABP.sysdef"/>
  <File Type="BG-BGN" Name="ABP.bgn"/>
  <File Type="BG-DRC" Name="ABP.drc"/>
  <File Type="RDI-RDI" Name="ABP.vdi"/>
  <File Type="WBT-USG" Name="usage_statistics_webtalk.html"/>
  <FileSet Name="sources" Type="DesignSrcs" RelSrcDir="$PSRCDIR/sources_1">
    <Filter Type="Srcs"/>
    <File Path="$PSRCDIR/sources_1/new/ALU.vhd">
      <FileInfo>
        <Attr Name="UsedIn" Val="synthesis"/>
        <Attr Name="UsedIn" Val="simulation"/>
      </FileInfo>
    </File>
    <File Path="$PPRDIR/../Clock_Divider.vhd">
      <FileInfo>
        <Attr Name="UsedIn" Val="synthesis"/>
        <Attr Name="UsedIn" Val="simulation"/>
      </FileInfo>
    </File>
    <File Path="$PSRCDIR/sources_1/new/FOUR_BIT_REG.vhd">
      <FileInfo>
        <Attr Name="UsedIn" Val="synthesis"/>
        <Attr Name="UsedIn" Val="simulation"/>
      </FileInfo>
    </File>
    <File Path="$PSRCDIR/sources_1/new/REGISTER.vhd">
      <FileInfo>
        <Attr Name="UsedIn" Val="synthesis"/>
        <Attr Name="UsedIn" Val="simulation"/>
      </FileInfo>
    </File>
    <File Path="$PSRCDIR/sources_1/new/SSDD.vhd">
      <FileInfo>
        <Attr Name="UsedIn" Val="synthesis"/>
        <Attr Name="UsedIn" Val="simulation"/>
      </FileInfo>
    </File>
    <File Path="$PSRCDIR/sources_1/new/ABP.vhd">
      <FileInfo>
        <Attr Name="UsedIn" Val="synthesis"/>
        <Attr Name="UsedIn" Val="simulation"/>
      </FileInfo>
    </File>
    <File Path="$PSRCDIR/sources_1/new/REDFF.vhd">
      <FileInfo>
        <Attr Name="AutoDisabled" Val="1"/>
        <Attr Name="UsedIn" Val="synthesis"/>
        <Attr Name="UsedIn" Val="simulation"/>
      </FileInfo>
    </File>
    <Config>
      <Option Name="DesignMode" Val="RTL"/>
      <Option Name="TopModule" Val="ABP"/>
    </Config>
  </FileSet>
  <FileSet Name="constrs_in" Type="Constrs" RelSrcDir="$PSRCDIR/constrs_1">
    <Filter Type="Constrs"/>
    <File Path="$PPRDIR/../SSDD/Nexys4DDR_Master.XDC">
      <FileInfo>
        <Attr Name="UsedIn" Val="synthesis"/>
        <Attr Name="UsedIn" Val="implementation"/>
      </FileInfo>
    </File>
    <Config>
      <Option Name="ConstrsType" Val="XDC"/>
    </Config>
  </FileSet>
  <FileSet Name="utils" Type="Utils" RelSrcDir="$PSRCDIR/utils_1">
    <Filter Type="Utils"/>
    <Config>
      <Option Name="TopAutoSet" Val="TRUE"/>
    </Config>
  </FileSet>
  <Strategy Version="1" Minor="2">
    <StratHandle Name="Vivado Implementation Defaults" Flow="Vivado Implementation 2019"/>
    <Step Id="init_design"/>
    <Step Id="opt_design"/>
    <Step Id="power_opt_design"/>
    <Step Id="place_design"/>
    <Step Id="post_place_power_opt_design"/>
    <Step Id="phys_opt_design" EnableStepBool="1"/>
    <Step Id="route_design"/>
    <Step Id="post_route_phys_opt_design"/>
    <Step Id="write_bitstream"/>
  </Strategy>
</GenRun>
